7.60006700e+03	8.40000000e-01	1.37786569e+00	-5.77811015e-04	1.26524483e-02	9.25117669e-02	1.26874657e-01	2.85422512e-02	1.00000000e+00
7.61064100e+03	8.40000000e-01	1.53172725e+00	-1.25541316e-03	1.25742526e-02	8.25553422e-02	1.26676297e-01	4.70981144e-02	1.00000000e+00
7.62455600e+03	8.40000000e-01	1.58088697e+00	-5.89310457e-04	1.25823823e-02	8.04423785e-02	1.27197286e-01	2.87884198e-02	1.00000000e+00
7.63720000e+03	8.40000000e-01	1.63140435e+00	-9.65760240e-04	1.27644019e-02	8.00377774e-02	1.30474583e-01	3.93228085e-02	1.00000000e+00
7.64969900e+03	8.40000000e-01	1.62505874e+00	-9.34894972e-04	1.25647230e-02	8.02025911e-02	1.30231031e-01	3.82743347e-02	1.00000000e+00
7.66219900e+03	8.40000000e-01	1.62634650e+00	-5.57452559e-04	1.25527521e-02	8.00708895e-02	1.30111278e-01	2.78826974e-02	1.00000000e+00
7.67473300e+03	8.40000000e-01	1.73831844e+00	-7.73742923e-04	1.26208256e-02	8.06404319e-02	1.40583485e-01	3.38987560e-02	1.00000000e+00
7.68733100e+03	8.40000000e-01	1.63751321e+00	-7.74365954e-04	1.26173325e-02	8.11183358e-02	1.32715842e-01	3.39123962e-02	1.00000000e+00
7.70001000e+03	8.40000000e-01	1.64253914e+00	-5.13991469e-04	1.25457906e-02	8.17199176e-02	1.34152327e-01	2.66805560e-02	1.00000000e+00
7.70038800e+03	8.40000000e-01	1.64507231e+00	-5.13574254e-04	1.24872774e-02	8.13726058e-02	1.33916594e-01	2.66105694e-02	1.00000000e+00
7.70071900e+03	8.40000000e-01	1.65001477e+00	-1.03486258e-03	1.25911112e-02	8.15261553e-02	1.34495976e-01	4.10498321e-02	1.00000000e+00
7.70107100e+03	8.40000000e-01	1.64906877e+00	-5.34490623e-04	1.27102014e-02	8.15828856e-02	1.34564119e-01	2.74086935e-02	1.00000000e+00
7.70143400e+03	8.40000000e-01	1.64549711e+00	-5.28061618e-04	1.28496770e-02	8.14810832e-02	1.34017998e-01	2.73713715e-02	1.00000000e+00
7.70179800e+03	8.40000000e-01	1.65068492e+00	-9.34884039e-04	1.26204533e-02	8.16537730e-02	1.34767080e-01	3.83297644e-02	1.00000000e+00
7.70215500e+03	8.40000000e-01	1.64990508e+00	-6.70410796e-04	1.26452588e-02	8.16500673e-02	1.34787280e-01	3.10815557e-02	1.00000000e+00
7.70251500e+03	8.40000000e-01	1.64816589e+00	-1.13649589e-03	1.27123216e-02	8.14625129e-02	1.34166900e-01	4.39659586e-02	1.00000000e+00
7.70287900e+03	8.40000000e-01	1.64557052e+00	-7.81768432e-04	1.28195844e-02	8.14792521e-02	1.34054122e-01	3.43182163e-02	1.00000000e+00
7.70324200e+03	8.40000000e-01	1.64512099e+00	-1.12171277e-03	1.29859941e-02	8.16359166e-02	1.34372534e-01	4.38330954e-02	1.00000000e+00
7.70360000e+03	8.40000000e-01	1.64462060e+00	-9.99371626e-04	1.28895050e-02	8.14659201e-02	1.34030440e-01	4.03722247e-02	1.00000000e+00
7.70396100e+03	8.40000000e-01	1.64673681e+00	-5.80368692e-04	1.30446718e-02	8.16418871e-02	1.34621018e-01	2.90048109e-02	1.00000000e+00
7.70432500e+03	8.40000000e-01	1.65186605e+00	-9.41566400e-04	1.30154990e-02	8.19159944e-02	1.35355122e-01	3.89085750e-02	1.00000000e+00
7.70468700e+03	8.40000000e-01	1.65072281e+00	-9.55065820e-04	1.30733252e-02	8.19098690e-02	1.35401080e-01	3.93376353e-02	1.00000000e+00
7.70502000e+03	8.40000000e-01	1.65054592e+00	-5.69836032e-04	1.30056996e-02	8.17955584e-02	1.34988428e-01	2.86761905e-02	1.00000000e+00
7.70538100e+03	8.40000000e-01	1.64884555e+00	-8.73432191e-04	1.32164879e-02	8.17507435e-02	1.34742584e-01	3.72358732e-02	1.00000000e+00
7.70574900e+03	8.40000000e-01	1.65047134e+00	-1.24235452e-03	1.31478287e-02	8.17142007e-02	1.34910958e-01	4.73125780e-02	1.00000000e+00
7.70611200e+03	8.40000000e-01	1.66129436e+00	-9.43506606e-04	1.33651854e-02	8.19472829e-02	1.36459491e-01	3.93116171e-02	1.00000000e+00
7.70647100e+03	8.40000000e-01	1.67134084e+00	-5.49398238e-04	1.31088804e-02	8.19310940e-02	1.37109569e-01	2.82173319e-02	1.00000000e+00
7.70683100e+03	8.40000000e-01	1.68691959e+00	-1.14816975e-03	1.31791695e-02	8.21929988e-02	1.38895684e-01	4.47538376e-02	1.00000000e+00
7.70719600e+03	8.40000000e-01	1.69925520e+00	-9.46079867e-04	1.30937309e-02	8.20702016e-02	1.39684057e-01	3.91109273e-02	1.00000000e+00
7.70755700e+03	8.40000000e-01	1.70955525e+00	-9.23135293e-04	1.31898054e-02	8.21655291e-02	1.40765834e-01	3.85760260e-02	1.00000000e+00
7.70791500e+03	8.40000000e-01	1.71483085e+00	-1.05612303e-03	1.31444778e-02	8.20737636e-02	1.40861276e-01	4.21878612e-02	1.00000000e+00
7.70828000e+03	8.40000000e-01	1.71520183e+00	-8.34074445e-04	1.32175058e-02	8.20873076e-02	1.40842134e-01	3.61545531e-02	1.00000000e+00
7.70864600e+03	8.40000000e-01	1.71821424e+00	-9.53448010e-04	1.34326394e-02	8.22746067e-02	1.41356743e-01	3.96524597e-02	1.00000000e+00
7.70898200e+03	8.40000000e-01	1.71531282e+00	-4.88076945e-04	1.33544499e-02	8.21366032e-02	1.40845214e-01	2.67765659e-02	1.00000000e+00
7.70929000e+03	8.40000000e-01	1.71254433e+00	-1.17620276e-03	1.33541954e-02	8.20707155e-02	1.40527465e-01	4.56997714e-02	1.00000000e+00
7.70959600e+03	8.40000000e-01	1.71675858e+00	-9.24163873e-04	1.35576703e-02	8.22974926e-02	1.41327998e-01	3.89721769e-02	1.00000000e+00
7.70990300e+03	8.40000000e-01	1.71806508e+00	-4.88368441e-04	1.35317246e-02	8.22002510e-02	1.41147154e-01	2.69618567e-02	1.00000000e+00
7.71021100e+03	8.40000000e-01	1.71378641e+00	-1.23496579e-03	1.35500950e-02	8.23220387e-02	1.41011627e-01	4.75116543e-02	1.00000000e+00
7.71051400e+03	8.40000000e-01	1.70710913e+00	-9.44978738e-04	1.35731182e-02	8.21981050e-02	1.40431252e-01	3.95600335e-02	1.00000000e+00
7.71082300e+03	8.40000000e-01	1.70601345e+00	-8.50852410e-04	1.36857619e-02	8.20747421e-02	1.40247659e-01	3.70842032e-02	1.00000000e+00
7.71110800e+03	8.40000000e-01	1.70504424e+00	-1.22512717e-03	1.36382480e-02	8.21495235e-02	1.40382580e-01	4.73292453e-02	1.00000000e+00
7.71141600e+03	8.40000000e-01	1.71102952e+00	-1.22248376e-03	1.37380548e-02	8.23928444e-02	1.41449310e-01	4.73563582e-02	1.00000000e+00
7.71172500e+03	8.40000000e-01	1.70850715e+00	-1.51566496e-03	-8.70933856e-04	8.22930508e-02	1.41054091e-01	4.08098526e-02	1.00000000e+00
7.71202900e+03	8.40000000e-01	1.70648156e+00	-3.06284629e-03	-3.68534745e-02	8.23206388e-02	1.41116536e-01	4.73747986e-02	1.00000000e+00
7.71233300e+03	8.40000000e-01	1.70732426e+00	-2.87851650e-03	-3.68034938e-02	8.20080887e-02	1.40545993e-01	4.23557100e-02	1.00000000e+00
7.71264400e+03	8.40000000e-01	1.70253166e+00	-3.39518367e-03	-3.67479290e-02	8.15082548e-02	1.39225049e-01	5.66196219e-02	1.00000000e+00
7.71295300e+03	8.40000000e-01	1.70974033e+00	-3.10725194e-03	-3.67341467e-02	8.17835690e-02	1.40524099e-01	4.87152816e-02	1.00000000e+00
7.71323500e+03	8.40000000e-01	1.71345733e+00	-3.03709619e-03	-3.69228805e-02	8.13975842e-02	1.40236381e-01	4.65972647e-02	1.00000000e+00
7.71353800e+03	8.40000000e-01	1.72629957e+00	-3.02058354e-03	-3.70438569e-02	8.14774284e-02	1.41504329e-01	4.60221905e-02	1.00000000e+00
7.71385300e+03	8.40000000e-01	1.74638791e+00	-2.98159260e-03	-3.69291075e-02	8.18876378e-02	1.43840397e-01	4.50646889e-02	1.00000000e+00
7.71416100e+03	8.40000000e-01	1.77110759e+00	-3.01017661e-03	-3.70154404e-02	8.25829484e-02	1.47365253e-01	4.57644164e-02	1.00000000e+00
7.71447000e+03	8.40000000e-01	1.80449541e+00	-2.72682305e-03	-3.69109714e-02	8.31853449e-02	1.50575364e-01	3.80766624e-02	1.00000000e+00
7.71477700e+03	8.40000000e-01	1.82318362e+00	-3.37478301e-03	-3.66928259e-02	8.31724116e-02	1.52543529e-01	5.61137068e-02	1.00000000e+00
7.71507700e+03	8.40000000e-01	1.83634943e+00	-3.32097541e-03	-3.67243314e-02	8.30419651e-02	1.53558311e-01	5.46024923e-02	1.00000000e+00
7.71538600e+03	8.40000000e-01	1.85134788e+00	-2.62380235e-03	-3.67376543e-02	8.29370183e-02	1.54404894e-01	3.54169104e-02	1.00000000e+00
7.71567000e+03	8.40000000e-01	1.87312576e+00	-2.77546918e-03	-3.66554696e-02	8.30208993e-02	1.56092736e-01	3.96699327e-02	1.00000000e+00
7.71597200e+03	8.40000000e-01	1.88283108e+00	-3.30517772e-03	-3.64991427e-02	8.30001266e-02	1.57221237e-01	5.43932445e-02	1.00000000e+00
7.71613700e+03	8.40000000e-01	1.88289022e+00	-3.08683825e-03	-3.65619442e-02	8.29040174e-02	1.57380261e-01	4.83261077e-02	1.00000000e+00
7.71625500e+03	8.40000000e-01	1.89050942e+00	-2.72982211e-03	-3.65448322e-02	8.29213238e-02	1.57557072e-01	3.85252759e-02	1.00000000e+00
7.71636700e+03	8.40000000e-01	1.89223060e+00	-3.39514805e-03	-3.65425499e-02	8.29791122e-02	1.58294458e-01	5.68240216e-02	1.00000000e+00
7.71649900e+03	8.40000000e-01	1.90305385e+00	-3.36596626e-03	-3.64598211e-02	8.31128223e-02	1.59238710e-01	5.61042509e-02	1.00000000e+00
7.71662000e+03	8.40000000e-01	1.91709049e+00	-2.89861247e-03	-3.64708977e-02	8.33249397e-02	1.60457391e-01	4.32409452e-02	1.00000000e+00
7.71673300e+03	8.40000000e-01	1.92245656e+00	-3.20773817e-03	-3.64427580e-02	8.32648265e-02	1.61037152e-01	5.17700416e-02	1.00000000e+00
7.71686700e+03	8.40000000e-01	1.92841506e+00	-2.61750662e-03	-3.66068798e-02	8.31384714e-02	1.61674531e-01	3.53745524e-02	1.00000000e+00
7.71698800e+03	8.40000000e-01	1.93037938e+00	-3.08011651e-03	-3.68277314e-02	8.31135246e-02	1.62207840e-01	4.78754726e-02	1.00000000e+00
7.71710100e+03	8.40000000e-01	1.93749781e+00	-2.96171574e-03	-3.67003884e-02	8.31150810e-02	1.62721674e-01	4.47467944e-02	1.00000000e+00
7.71723300e+03	8.40000000e-01	1.94337739e+00	-3.02613362e-03	-3.67832631e-02	8.30758597e-02	1.63223012e-01	4.64354116e-02	1.00000000e+00
7.71735000e+03	8.40000000e-01	1.95000539e+00	-3.16406205e-03	-3.67732719e-02	8.32122776e-02	1.64171956e-01	5.02384346e-02	1.00000000e+00
7.71746200e+03	8.40000000e-01	1.96580231e+00	-3.28792891e-03	-3.67582857e-02	8.33584244e-02	1.65744420e-01	5.36597592e-02	1.00000000e+00
7.71759200e+03	8.40000000e-01	1.96912292e+00	-3.04763465e-03	-3.69760464e-02	8.32834370e-02	1.65826499e-01	4.68339064e-02	1.00000000e+00
7.71771000e+03	8.40000000e-01	1.98143789e+00	-3.34826953e-03	-3.68863493e-02	8.32538506e-02	1.66418440e-01	5.51910627e-02	1.00000000e+00
7.71784200e+03	8.40000000e-01	1.99405409e+00	-3.01286883e-03	-3.69581876e-02	8.33574709e-02	1.68275979e-01	4.58957054e-02	1.00000000e+00
7.71796000e+03	8.40000000e-01	2.00844643e+00	-3.00303536e-03	-3.70277848e-02	8.34247114e-02	1.69395967e-01	4.55556875e-02	1.00000000e+00
7.71807400e+03	8.40000000e-01	2.02449846e+00	-2.72471171e-03	-3.71058703e-02	8.34415776e-02	1.69980785e-01	3.78237017e-02	1.00000000e+00
7.71820600e+03	8.40000000e-01	2.03652952e+00	-3.28265204e-03	-3.70737695e-02	8.35857278e-02	1.72313197e-01	5.31991615e-02	1.00000000e+00
7.71832800e+03	8.40000000e-01	2.04788774e+00	-3.02613630e-03	-3.70070414e-02	8.34622957e-02	1.73236126e-01	4.62117068e-02	1.00000000e+00
7.71844100e+03	8.40000000e-01	2.05656452e+00	-3.05520666e-03	-3.70726066e-02	8.32696357e-02	1.73503619e-01	4.69455767e-02	1.00000000e+00
7.71857300e+03	8.40000000e-01	2.07654500e+00	-3.32782615e-03	-3.70780140e-02	8.33814291e-02	1.74678205e-01	5.44372051e-02	1.00000000e+00
7.71869300e+03	8.40000000e-01	2.08471398e+00	-3.32405320e-03	-3.70600796e-02	8.33047954e-02	1.75903785e-01	5.43513833e-02	1.00000000e+00
7.71880500e+03	8.40000000e-01	2.10428006e+00	-2.69441615e-03	-3.69556901e-02	8.32428837e-02	1.76566613e-01	3.71407541e-02	1.00000000e+00
7.71893600e+03	8.40000000e-01	2.11753609e+00	-2.89078181e-03	-3.68761081e-02	8.32673237e-02	1.78459642e-01	4.26203916e-02	1.00000000e+00
7.71905600e+03	8.40000000e-01	2.13577274e+00	-3.40122232e-03	-3.68826863e-02	8.33467346e-02	1.80287253e-01	5.66509275e-02	1.00000000e+00
7.71916800e+03	8.40000000e-01	2.15735193e+00	-3.21471484e-03	-3.68961399e-02	8.35154481e-02	1.82605995e-01	5.15085183e-02	1.00000000e+00
7.71929900e+03	8.40000000e-01	2.17188896e+00	-3.35832564e-03	-3.68745010e-02	8.35300673e-02	1.83806876e-01	5.54794541e-02	1.00000000e+00
7.71942000e+03	8.40000000e-01	2.19843772e+00	-2.88896451e-03	-3.68740623e-02	8.33913910e-02	1.84806652e-01	4.25724617e-02	1.00000000e+00
7.71953500e+03	8.40000000e-01	2.21661258e+00	-3.04669985e-03	-3.69528031e-02	8.34653324e-02	1.87782598e-01	4.68314428e-02	1.00000000e+00
7.71966600e+03	8.40000000e-01	2.23851375e+00	-2.65011433e-03	-3.70033932e-02	8.34366986e-02	1.88948896e-01	3.58747509e-02	1.00000000e+00
7.71978800e+03	8.40000000e-01	2.26480916e+00	-2.74719940e-03	-3.69034167e-02	8.34496332e-02	1.90453618e-01	3.86445669e-02	1.00000000e+00
7.71990100e+03	8.40000000e-01	2.27781634e+00	-3.01855406e-03	-3.68945599e-02	8.34794704e-02	1.93052591e-01	4.61156767e-02	1.00000000e+00
7.72003400e+03	8.40000000e-01	2.30968586e+00	-3.41846291e-03	-3.69865799e-02	8.35300938e-02	1.95407941e-01	5.70211501e-02	1.00000000e+00
7.72015400e+03	8.40000000e-01	2.34238271e+00	-2.69080981e-03	-3.68650449e-02	8.38288086e-02	1.98091949e-01	3.71322248e-02	1.00000000e+00
7.72026700e+03	8.40000000e-01	2.36837590e+00	-3.25616495e-03	-3.68585659e-02	8.36596283e-02	2.00800396e-01	5.26859702e-02	1.00000000e+00
7.72039700e+03	8.40000000e-01	2.39339527e+00	-2.77434455e-03	-3.68109468e-02	8.35921058e-02	2.02610505e-01	3.94835283e-02	1.00000000e+00
7.72051600e+03	8.40000000e-01	2.42455905e+00	-2.84790194e-03	-3.67706437e-02	8.36479247e-02	2.04115679e-01	4.15466598e-02	1.00000000e+00
7.72064600e+03	8.40000000e-01	2.44178841e+00	-2.84426917e-03	-3.68267672e-02	8.35990065e-02	2.06718715e-01	4.13906348e-02	1.00000000e+00
7.72076600e+03	8.40000000e-01	2.47530652e+00	-3.12788100e-03	-3.67781046e-02	8.35352938e-02	2.08447444e-01	4.92386228e-02	1.00000000e+00
7.72087900e+03	8.40000000e-01	2.50151789e+00	-3.01791175e-03	-3.68420750e-02	8.35528940e-02	2.11845262e-01	4.61504982e-02	1.00000000e+00
7.72101300e+03	8.40000000e-01	2.53901307e+00	-2.63081875e-03	-3.69436784e-02	8.37641196e-02	2.14819781e-01	3.54038372e-02	1.00000000e+00
7.72113300e+03	8.40000000e-01	2.57243833e+00	-3.03124083e-03	-3.68030850e-02	8.37822904e-02	2.16986097e-01	4.65560379e-02	1.00000000e+00
7.72124600e+03	8.40000000e-01	2.58813954e+00	-3.01560441e-03	-3.68869527e-02	8.36682413e-02	2.19154287e-01	4.60421685e-02	1.00000000e+00
7.72137900e+03	8.40000000e-01	2.62803940e+00	-3.40246318e-03	-3.68083904e-02	8.38673949e-02	2.22239842e-01	5.67593469e-02	1.00000000e+00
7.72150000e+03	8.40000000e-01	2.66424408e+00	-3.34396273e-03	-3.68905187e-02	8.38706162e-02	2.25091562e-01	5.50684563e-02	1.00000000e+00
7.72161200e+03	8.40000000e-01	2.70001331e+00	-3.40453769e-03	-3.68915697e-02	8.39521710e-02	2.28526352e-01	5.67332168e-02	1.00000000e+00
7.72174400e+03	8.40000000e-01	2.73211388e+00	-3.03742426e-03	-3.68136783e-02	8.40023943e-02	2.31369867e-01	4.67154887e-02	1.00000000e+00
7.72186200e+03	8.40000000e-01	2.76325143e+00	-3.15644564e-03	-3.67923296e-02	8.42031433e-02	2.34983416e-01	5.00099254e-02	1.00000000e+00
7.72197400e+03	8.40000000e-01	2.80897051e+00	-3.09593108e-03	-3.68406566e-02	8.42068189e-02	2.37599936e-01	4.82974483e-02	1.00000000e+00
7.72210400e+03	8.40000000e-01	2.82419192e+00	-3.21177470e-03	-3.69164521e-02	8.42466246e-02	2.39858274e-01	5.14073521e-02	1.00000000e+00
7.72222600e+03	8.40000000e-01	2.85336601e+00	-2.91473891e-03	-3.68413785e-02	8.42129377e-02	2.41470797e-01	4.33139416e-02	1.00000000e+00
7.72235800e+03	8.40000000e-01	2.89258831e+00	-3.42325287e-03	-3.69464414e-02	8.42664703e-02	2.44834865e-01	5.71930126e-02	1.00000000e+00
7.72247900e+03	8.40000000e-01	2.91837689e+00	-3.03488120e-03	-3.69615364e-02	8.42287108e-02	2.46991190e-01	4.64976965e-02	1.00000000e+00
7.72259300e+03	8.40000000e-01	2.94345450e+00	-3.04200552e-03	-3.68367716e-02	8.42950344e-02	2.48992576e-01	4.68183803e-02	1.00000000e+00
7.72272400e+03	8.40000000e-01	2.96832160e+00	-3.11463352e-03	-3.65641462e-02	8.43589383e-02	2.50778276e-01	4.90882757e-02	1.00000000e+00
7.72284600e+03	8.40000000e-01	2.97939295e+00	-3.40254490e-03	-3.66026116e-02	8.42982297e-02	2.51503753e-01	5.69673732e-02	1.00000000e+00
7.72295800e+03	8.40000000e-01	3.00100281e+00	-3.32310593e-03	-3.65261347e-02	8.41399785e-02	2.52802626e-01	5.48592785e-02	1.00000000e+00
7.72305100e+03	8.40000000e-01	3.02054482e+00	-2.92767051e-03	-3.64057891e-02	8.41223276e-02	2.54310954e-01	4.41051500e-02	1.00000000e+00
7.72321300e+03	8.40000000e-01	3.05232205e+00	-3.08568886e-03	-3.66732454e-02	8.39375919e-02	2.56144990e-01	4.81831982e-02	1.00000000e+00
7.72340600e+03	8.40000000e-01	3.07779410e+00	-3.03190125e-03	-3.66317242e-02	8.38539398e-02	2.57614990e-01	4.67455601e-02	1.00000000e+00
7.72360300e+03	8.40000000e-01	3.10861822e+00	-3.02420767e-03	-3.66624297e-02	8.39741836e-02	2.60496990e-01	4.65032813e-02	1.00000000e+00
7.72380000e+03	8.40000000e-01	3.13937392e+00	-3.16877848e-03	-3.67171508e-02	8.42104477e-02	2.63363285e-01	5.04242573e-02	1.00000000e+00
7.72400000e+03	8.40000000e-01	3.15820562e+00	-3.36139182e-03	-3.66598735e-02	8.40970497e-02	2.64560733e-01	5.57784015e-02	1.00000000e+00
7.72419800e+03	8.40000000e-01	3.17124574e+00	-3.02735224e-03	-3.67049877e-02	8.40289526e-02	2.65248799e-01	4.65471988e-02	1.00000000e+00
7.72439600e+03	8.40000000e-01	3.17001857e+00	-2.67409751e-03	-3.67596045e-02	8.40374417e-02	2.65218813e-01	3.67780771e-02	1.00000000e+00
7.72459200e+03	8.40000000e-01	3.17557358e+00	-2.95129149e-03	-3.67879236e-02	8.41998014e-02	2.65926733e-01	4.43725924e-02	1.00000000e+00
7.72478900e+03	8.40000000e-01	3.17770839e+00	-2.94465472e-03	-3.67016600e-02	8.44347650e-02	2.66904028e-01	4.42763447e-02	1.00000000e+00
7.72500800e+03	8.40000000e-01	3.16758121e+00	-2.70843108e-03	-3.67279980e-02	8.45077517e-02	2.66804409e-01	3.77538566e-02	1.00000000e+00
7.72572300e+03	8.40000000e-01	3.14162712e+00	-2.95597968e-03	-3.67483204e-02	8.46053144e-02	2.64369549e-01	4.45411209e-02	1.00000000e+00
7.72650700e+03	8.40000000e-01	3.09625414e+00	-2.75630576e-03	-3.66909950e-02	8.46392502e-02	2.61214185e-01	3.91074134e-02	1.00000000e+00
7.72730200e+03	8.40000000e-01	3.05098442e+00	-3.02828911e-03	-3.65057150e-02	8.44721833e-02	2.57341776e-01	4.67722356e-02	1.00000000e+00
7.72806600e+03	8.40000000e-01	3.02195070e+00	-3.24215841e-03	-3.64959910e-02	8.49042374e-02	2.56248348e-01	5.26633653e-02	1.00000000e+00
7.72883000e+03	8.40000000e-01	2.98324506e+00	-3.27801609e-03	-3.63989057e-02	8.46193353e-02	2.52224247e-01	5.37465368e-02	1.00000000e+00
7.72959300e+03	8.40000000e-01	2.96939970e+00	-3.01230797e-03	-3.61281015e-02	8.48200059e-02	2.51555640e-01	4.67103676e-02	1.00000000e+00
7.73035300e+03	8.40000000e-01	2.96415685e+00	-3.08347733e-03	-3.63108632e-02	8.48701929e-02	2.51511318e-01	4.84847634e-02	1.00000000e+00
7.73114700e+03	8.40000000e-01	2.96370253e+00	-3.17348401e-03	-3.61157185e-02	8.49237415e-02	2.51327147e-01	5.11550919e-02	1.00000000e+00
7.73191000e+03	8.40000000e-01	2.96570821e+00	-3.27366847e-03	-3.59824652e-02	8.47475149e-02	2.50474361e-01	5.40434177e-02	1.00000000e+00
7.73267900e+03	8.40000000e-01	2.96557786e+00	-2.96633676e-03	-3.60789664e-02	8.51170485e-02	2.52194025e-01	4.54952944e-02	1.00000000e+00
7.73344100e+03	8.40000000e-01	2.94979626e+00	-3.34704047e-03	-3.59883407e-02	8.48968654e-02	2.49844959e-01	5.60552721e-02	1.00000000e+00
7.73421400e+03	8.40000000e-01	2.94921106e+00	-2.77812229e-03	-3.59162082e-02	8.53003379e-02	2.51429492e-01	4.04821547e-02	1.00000000e+00
7.73497600e+03	8.40000000e-01	2.94564918e+00	-3.00036046e-03	-3.58569090e-02	8.54491145e-02	2.51672004e-01	4.66530036e-02	1.00000000e+00
7.73577500e+03	8.40000000e-01	2.92980420e+00	-2.99785745e-03	-3.58546432e-02	8.50966727e-02	2.48836076e-01	4.65864366e-02	1.00000000e+00
7.73653900e+03	8.40000000e-01	2.91832086e+00	-2.99722118e-03	-3.57299548e-02	8.50385965e-02	2.47880103e-01	4.66936277e-02	1.00000000e+00
7.73730900e+03	8.40000000e-01	2.92498463e+00	-3.03498000e-03	-3.57093886e-02	8.56334582e-02	2.50549900e-01	4.77525613e-02	1.00000000e+00
7.73807800e+03	8.40000000e-01	2.90859197e+00	-2.61208075e-03	-3.56577356e-02	8.54445238e-02	2.48365699e-01	3.61744849e-02	1.00000000e+00
7.73884400e+03	8.40000000e-01	2.88945755e+00	-3.17260114e-03	-3.57306660e-02	8.52398196e-02	2.46061404e-01	5.15158653e-02	1.00000000e+00
7.73961600e+03	8.40000000e-01	2.87822434e+00	-2.72247204e-03	-3.54692264e-02	8.55245888e-02	2.45673989e-01	3.93987547e-02	1.00000000e+00
7.74038800e+03	8.40000000e-01	2.86930427e+00	-2.83089980e-03	-3.55637752e-02	8.55763966e-02	2.45355416e-01	4.22859693e-02	1.00000000e+00
7.74116100e+03	8.40000000e-01	2.85049619e+00	-2.98774609e-03	-3.55645257e-02	8.55724162e-02	2.43613915e-01	4.65984917e-02	1.00000000e+00
7.74195200e+03	8.40000000e-01	2.83093750e+00	-3.07534010e-03	-3.54162738e-02	8.56216082e-02	2.42045034e-01	4.91555789e-02	1.00000000e+00
7.74445200e+03	8.40000000e-01	2.75599326e+00	-3.20248413e-03	-3.55143362e-02	8.56729054e-02	2.35776370e-01	5.25539774e-02	1.00000000e+00
7.74696900e+03	8.40000000e-01	2.69950261e+00	-3.30845190e-03	-3.55244697e-02	8.61368559e-02	2.32684371e-01	5.54579575e-02	1.00000000e+00
7.74945300e+03	8.40000000e-01	2.65969999e+00	-2.62428071e-03	-3.55507904e-02	8.63160832e-02	2.29488548e-01	3.66169291e-02	1.00000000e+00
7.75193500e+03	8.40000000e-01	2.62414701e+00	-3.06919521e-03	-3.57014128e-02	8.65116501e-02	2.27341420e-01	4.87014555e-02	1.00000000e+00
7.75445500e+03	8.40000000e-01	2.59258602e+00	-3.02515150e-03	-3.56931664e-02	8.63900021e-02	2.24508420e-01	4.74984998e-02	1.00000000e+00
7.75694900e+03	8.40000000e-01	2.57843315e+00	-3.25256060e-03	-3.56923393e-02	8.62824705e-02	2.22933135e-01	5.37530772e-02	1.00000000e+00
7.75943000e+03	8.40000000e-01	2.59011676e+00	-3.34861300e-03	-3.55786090e-02	8.65098620e-02	2.24500157e-01	5.65082484e-02	1.00000000e+00
7.76194700e+03	8.40000000e-01	2.61378947e+00	-3.22456007e-03	-3.55474478e-02	8.65747834e-02	2.26343047e-01	5.31279542e-02	1.00000000e+00
7.76446800e+03	8.40000000e-01	2.63706651e+00	-2.99499279e-03	-3.57584674e-02	8.64210975e-02	2.28324911e-01	4.66038343e-02	1.00000000e+00
7.76696500e+03	8.40000000e-01	2.68191801e+00	-3.36450492e-03	-3.56371549e-02	8.67738573e-02	2.32758745e-01	5.68867303e-02	1.00000000e+00
7.76946200e+03	8.40000000e-01	2.70402185e+00	-3.03835568e-03	-3.58130559e-02	8.64870193e-02	2.34072688e-01	4.77417254e-02	1.00000000e+00
7.77198700e+03	8.40000000e-01	2.74878009e+00	-2.99395499e-03	-3.56862652e-02	8.71408463e-02	2.39613014e-01	4.66474971e-02	1.00000000e+00
7.77448800e+03	8.40000000e-01	2.77161082e+00	-2.66449414e-03	-3.58452284e-02	8.70678538e-02	2.41352179e-01	3.74283604e-02	1.00000000e+00
7.77699700e+03	8.40000000e-01	2.78041714e+00	-3.16547715e-03	-3.57743702e-02	8.68065642e-02	2.41337082e-01	5.12762513e-02	1.00000000e+00
7.78056200e+03	8.40000000e-01	2.78833078e+00	-3.00844792e-03	-3.56325591e-02	8.71184592e-02	2.42847222e-01	4.70997586e-02	1.00000000e+00
7.78414900e+03	8.40000000e-01	2.78876916e+00	-2.93596638e-03	-3.57052193e-02	8.72026458e-02	2.43372828e-01	4.50338563e-02	1.00000000e+00
7.78769300e+03	8.40000000e-01	2.75627764e+00	-3.03979220e-03	-3.56418942e-02	8.61432065e-02	2.37270292e-01	4.79523914e-02	1.00000000e+00
7.79128200e+03	8.40000000e-01	2.76398349e+00	-3.33595189e-03	-3.56461118e-02	8.70375560e-02	2.40667870e-01	5.60925652e-02	1.00000000e+00
7.79486200e+03	8.40000000e-01	2.76197845e+00	-3.31895912e-03	-3.55862707e-02	8.70684209e-02	2.40686564e-01	5.56851051e-02	1.00000000e+00
7.79843600e+03	8.40000000e-01	2.75393836e+00	-2.63630483e-03	-3.52833902e-02	8.70702288e-02	2.39672733e-01	3.72149926e-02	1.00000000e+00
7.80201500e+03	8.40000000e-01	2.73669693e+00	-3.00777443e-03	-3.55284668e-02	8.71216121e-02	2.38155093e-01	4.71853301e-02	1.00000000e+00
7.80561400e+03	8.40000000e-01	2.72462062e+00	-3.00421696e-03	-3.55535405e-02	8.76667285e-02	2.39004811e-01	4.70624261e-02	1.00000000e+00
7.80920400e+03	8.40000000e-01	2.70887429e+00	-2.87407442e-03	-3.54994727e-02	8.76116612e-02	2.37231936e-01	4.35375738e-02	1.00000000e+00
7.81280900e+03	8.40000000e-01	2.70484902e+00	-3.00513765e-03	-3.56329611e-02	8.74942353e-02	2.36715937e-01	4.70083244e-02	1.00000000e+00
7.81638100e+03	8.40000000e-01	2.70979915e+00	-2.99112472e-03	-3.56198747e-02	8.78166932e-02	2.38082530e-01	4.66360552e-02	1.00000000e+00
7.81999400e+03	8.40000000e-01	2.68478563e+00	-2.97445320e-03	-3.56092279e-02	8.77107007e-02	2.35273583e-01	4.61882350e-02	1.00000000e+00
7.82360500e+03	8.40000000e-01	2.67947775e+00	-3.29083805e-03	-3.56810847e-02	8.80714422e-02	2.36180286e-01	5.48169616e-02	1.00000000e+00
7.82722300e+03	8.40000000e-01	2.66288731e+00	-2.63640236e-03	-3.58033899e-02	8.77718696e-02	2.33859355e-01	3.66976750e-02	1.00000000e+00
7.83081400e+03	8.40000000e-01	2.64435095e+00	-2.69152013e-03	-3.56832013e-02	8.75007469e-02	2.31341687e-01	3.83336022e-02	1.00000000e+00
7.83443800e+03	8.40000000e-01	2.64614509e+00	-3.34907575e-03	-3.57877559e-02	8.78699930e-02	2.32613124e-01	5.63118274e-02	1.00000000e+00
7.83806000e+03	8.40000000e-01	2.65468401e+00	-2.63500363e-03	-3.56434982e-02	8.82296441e-02	2.33984057e-01	3.68191016e-02	1.00000000e+00
7.84169000e+03	8.40000000e-01	2.62354770e+00	-3.32821855e-03	-3.58807946e-02	8.73451420e-02	2.29445412e-01	5.56452156e-02	1.00000000e+00
7.84532000e+03	8.40000000e-01	2.64037650e+00	-3.24100743e-03	-3.57170146e-02	8.81844829e-02	2.32618672e-01	5.34106898e-02	1.00000000e+00
